[
  {
    "id": "budget_expressions_low",
    "intent": "budget_constraint_low",
    "phrases": [
      "broke students",
      "budget's tight",
      "cheap eats",
      "budget clubs",
      "nothing too expensive",
      "on a shoestring",
      "backpacker budget"
    ],
    "confidence": 0.9,
    "mapsTo": {
      "budgetTier": "low"
    },
    "examples": [
      "we're all broke students, so budget clubs please",
      "budget's tight - maybe $400 total",
      "need cheap eats and free activities"
    ]
  },
  {
    "id": "nightlife_underground",
    "intent": "nightlife_authentic",
    "phrases": [
      "techno scene",
      "underground clubs",
      "late-night",
      "after clubbing",
      "hit berghain",
      "club scene",
      "party focused"
    ],
    "confidence": 0.85,
    "mapsTo": {
      "interests": [
        "nightlife",
        "techno",
        "clubs"
      ],
      "pace": "intensive"
    },
    "examples": [
      "heard berlin techno scene is insane",
      "we need to hit berghain if we can get in",
      "looking for underground clubs and late-night spots"
    ]
  },
  {
    "id": "art_culture_couple",
    "intent": "cultural_activities",
    "phrases": [
      "art museums",
      "impressionist paintings",
      "cultural activities",
      "museums and galleries",
      "art and culture",
      "see some art"
    ],
    "confidence": 0.8,
    "mapsTo": {
      "interests": [
        "art",
        "museums",
        "culture"
      ],
      "groupType": "couple",
      "pace": "moderate"
    },
    "examples": [
      "want to see some impressionist paintings",
      "definitely hit the louvre and maybe musée d'orsay",
      "interested in art museums and cultural sites"
    ]
  },
  {
    "id": "foodie_authentic",
    "intent": "authentic_food_experience",
    "phrases": [
      "locals actually go to",
      "authentic experiences",
      "real sushi",
      "best spots locals",
      "street food",
      "food markets",
      "obsessed with ramen"
    ],
    "confidence": 0.9,
    "mapsTo": {
      "interests": [
        "food",
        "authentic",
        "local"
      ],
      "groupType": "solo",
      "pace": "intensive"
    },
    "examples": [
      "want to hit the best spots locals actually go to",
      "obsessed with ramen and want authentic experiences",
      "interested in street food and food markets"
    ]
  },
  {
    "id": "relaxed_pace",
    "intent": "relaxed_travel_style",
    "phrases": [
      "not pack it too tight",
      "time to wander",
      "take it easy",
      "relaxed pace",
      "not rushed",
      "leisurely"
    ],
    "confidence": 0.75,
    "mapsTo": {
      "pace": "relaxed"
    },
    "examples": [
      "let's not pack it too tight, want time to wander",
      "prefer a relaxed pace with time to explore",
      "not looking to rush around everywhere"
    ]
  },
  {
    "id": "group_friends",
    "intent": "friends_group_travel",
    "phrases": [
      "who's in",
      "count me in",
      "we're all",
      "group of friends",
      "friends trip"
    ],
    "confidence": 0.8,
    "mapsTo": {
      "groupType": "friends"
    },
    "examples": [
      "berlin trip - who's in?",
      "count me in but we're all broke students",
      "planning a friends trip to"
    ]
  },
  {
    "id": "lang_global_1",
    "userQuery": "broke students tokyo nightlife",
    "detectedIntent": {
      "destination": "Tokyo, Japan",
      "activityTypes": [
        "clubs",
        "bars",
        "nightlife"
      ],
      "budgetTier": "low",
      "language": "en",
      "urgency": "normal",
      "groupSize": "small"
    },
    "contextClues": {
      "timeOfDay": [
        "night"
      ],
      "priceIndicators": [
        "broke"
      ],
      "moodKeywords": [],
      "locationSpecificity": "tourist"
    },
    "metadata": {
      "timestamp": "2025-08-14T21:10:29.308Z",
      "source": "global_corpus",
      "confidence": 0.9
    }
  },
  {
    "id": "lang_global_2",
    "userQuery": "family restaurants melbourne",
    "detectedIntent": {
      "destination": "Melbourne, Australia",
      "activityTypes": [
        "restaurants",
        "family"
      ],
      "budgetTier": "medium",
      "language": "en",
      "urgency": "normal",
      "groupSize": "large"
    },
    "contextClues": {
      "timeOfDay": [],
      "priceIndicators": [],
      "moodKeywords": [],
      "locationSpecificity": "tourist"
    },
    "metadata": {
      "timestamp": "2025-08-14T21:10:29.308Z",
      "source": "global_corpus",
      "confidence": 0.9
    }
  },
  {
    "id": "lang_global_3",
    "userQuery": "cheap museums dubai",
    "detectedIntent": {
      "destination": "Dubai, UAE",
      "activityTypes": [
        "museums",
        "culture"
      ],
      "budgetTier": "low",
      "language": "en",
      "urgency": "normal",
      "groupSize": "small"
    },
    "contextClues": {
      "timeOfDay": [],
      "priceIndicators": [
        "cheap"
      ],
      "moodKeywords": [],
      "locationSpecificity": "tourist"
    },
    "metadata": {
      "timestamp": "2025-08-14T21:10:29.308Z",
      "source": "global_corpus",
      "confidence": 0.9
    }
  },
  {
    "id": "lang_global_4",
    "userQuery": "vegan ice cream antarctica",
    "detectedIntent": {
      "destination": "Antarctica",
      "activityTypes": [
        "food",
        "vegan"
      ],
      "budgetTier": "any",
      "language": "en",
      "urgency": "normal",
      "groupSize": "small"
    },
    "contextClues": {
      "timeOfDay": [],
      "priceIndicators": [],
      "moodKeywords": [],
      "locationSpecificity": "tourist"
    },
    "metadata": {
      "timestamp": "2025-08-14T21:10:29.308Z",
      "source": "global_corpus",
      "confidence": 0.3
    }
  },
  {
    "id": "lang_global_5",
    "userQuery": "24 hour nightclubs riyadh",
    "detectedIntent": {
      "destination": "Riyadh, Saudi Arabia",
      "activityTypes": [
        "clubs",
        "nightlife"
      ],
      "budgetTier": "any",
      "language": "en",
      "urgency": "normal",
      "groupSize": "small"
    },
    "contextClues": {
      "timeOfDay": [
        "night",
        "24 hour"
      ],
      "priceIndicators": [],
      "moodKeywords": [],
      "locationSpecificity": "tourist"
    },
    "metadata": {
      "timestamp": "2025-08-14T21:10:29.308Z",
      "source": "global_corpus",
      "confidence": 0.3
    }
  },
  {
    "id": "lang_global_6",
    "userQuery": "beach clubs january moscow",
    "detectedIntent": {
      "destination": "Moscow, Russia",
      "activityTypes": [
        "beach",
        "clubs"
      ],
      "budgetTier": "any",
      "language": "en",
      "urgency": "normal",
      "groupSize": "small"
    },
    "contextClues": {
      "timeOfDay": [],
      "priceIndicators": [],
      "moodKeywords": [],
      "locationSpecificity": "tourist"
    },
    "metadata": {
      "timestamp": "2025-08-14T21:10:29.308Z",
      "source": "global_corpus",
      "confidence": 0.3
    }
  },
  {
    "id": "lang_global_7",
    "userQuery": "luxury dining remote alaska",
    "detectedIntent": {
      "destination": "Alaska, USA",
      "activityTypes": [
        "restaurants",
        "luxury"
      ],
      "budgetTier": "high",
      "language": "en",
      "urgency": "normal",
      "groupSize": "small"
    },
    "contextClues": {
      "timeOfDay": [],
      "priceIndicators": [
        "luxury"
      ],
      "moodKeywords": [],
      "locationSpecificity": "tourist"
    },
    "metadata": {
      "timestamp": "2025-08-14T21:10:29.308Z",
      "source": "global_corpus",
      "confidence": 0.6
    }
  },
  {
    "id": "lang_global_8",
    "userQuery": "budget backpacker oslo",
    "detectedIntent": {
      "destination": "Oslo, Norway",
      "activityTypes": [
        "hostels",
        "budget"
      ],
      "budgetTier": "low",
      "language": "en",
      "urgency": "normal",
      "groupSize": "small"
    },
    "contextClues": {
      "timeOfDay": [],
      "priceIndicators": [
        "budget"
      ],
      "moodKeywords": [],
      "locationSpecificity": "tourist"
    },
    "metadata": {
      "timestamp": "2025-08-14T21:10:29.308Z",
      "source": "global_corpus",
      "confidence": 0.6
    }
  },
  {
    "id": "lang_global_9",
    "userQuery": "billig mat stockholm studenter",
    "detectedIntent": {
      "destination": "Stockholm, Sweden",
      "activityTypes": [
        "restaurants",
        "food"
      ],
      "budgetTier": "low",
      "language": "sv",
      "urgency": "normal",
      "groupSize": "small"
    },
    "contextClues": {
      "timeOfDay": [],
      "priceIndicators": [
        "billig"
      ],
      "moodKeywords": [],
      "locationSpecificity": "local"
    },
    "metadata": {
      "timestamp": "2025-08-14T21:10:29.308Z",
      "source": "global_corpus",
      "confidence": 0.9
    }
  },
  {
    "id": "lang_global_10",
    "userQuery": "restaurantes baratos buenos aires",
    "detectedIntent": {
      "destination": "Buenos Aires, Argentina",
      "activityTypes": [
        "restaurants",
        "food"
      ],
      "budgetTier": "low",
      "language": "es",
      "urgency": "normal",
      "groupSize": "small"
    },
    "contextClues": {
      "timeOfDay": [],
      "priceIndicators": [
        "baratos"
      ],
      "moodKeywords": [],
      "locationSpecificity": "tourist"
    },
    "metadata": {
      "timestamp": "2025-08-14T21:10:29.308Z",
      "source": "global_corpus",
      "confidence": 0.9
    }
  },
  {
    "id": "lang_global_11",
    "userQuery": "hiking nairobi weekend",
    "detectedIntent": {
      "destination": "Nairobi, Kenya",
      "activityTypes": [
        "hiking",
        "nature"
      ],
      "budgetTier": "low",
      "language": "en",
      "urgency": "normal",
      "groupSize": "small"
    },
    "contextClues": {
      "timeOfDay": [
        "weekend"
      ],
      "priceIndicators": [],
      "moodKeywords": [],
      "locationSpecificity": "tourist"
    },
    "metadata": {
      "timestamp": "2025-08-14T21:10:29.308Z",
      "source": "global_corpus",
      "confidence": 0.9
    }
  },
  {
    "id": "lang_global_12",
    "userQuery": "late night food istanbul",
    "detectedIntent": {
      "destination": "Istanbul, Turkey",
      "activityTypes": [
        "food",
        "street-food"
      ],
      "budgetTier": "low",
      "language": "en",
      "urgency": "normal",
      "groupSize": "small"
    },
    "contextClues": {
      "timeOfDay": [
        "night",
        "late"
      ],
      "priceIndicators": [],
      "moodKeywords": [],
      "locationSpecificity": "tourist"
    },
    "metadata": {
      "timestamp": "2025-08-14T21:10:29.308Z",
      "source": "global_corpus",
      "confidence": 0.9
    }
  },
  {
    "id": "lang_global_13",
    "userQuery": "winter surfing iceland",
    "detectedIntent": {
      "destination": "Iceland",
      "activityTypes": [
        "surfing",
        "extreme-sports"
      ],
      "budgetTier": "high",
      "language": "en",
      "urgency": "normal",
      "groupSize": "small"
    },
    "contextClues": {
      "timeOfDay": [],
      "priceIndicators": [],
      "moodKeywords": [],
      "locationSpecificity": "tourist"
    },
    "metadata": {
      "timestamp": "2025-08-14T21:10:29.308Z",
      "source": "global_corpus",
      "confidence": 0.6
    }
  },
  {
    "id": "lang_global_14",
    "userQuery": "beach parties north pole",
    "detectedIntent": {
      "destination": "North Pole",
      "activityTypes": [
        "beach",
        "parties"
      ],
      "budgetTier": "any",
      "language": "en",
      "urgency": "normal",
      "groupSize": "small"
    },
    "contextClues": {
      "timeOfDay": [],
      "priceIndicators": [],
      "moodKeywords": [],
      "locationSpecificity": "tourist"
    },
    "metadata": {
      "timestamp": "2025-08-14T21:10:29.308Z",
      "source": "global_corpus",
      "confidence": 0.3
    }
  },
  {
    "id": "lang_global_15",
    "userQuery": "nightclubs sunday teheran",
    "detectedIntent": {
      "destination": "Tehran, Iran",
      "activityTypes": [
        "clubs",
        "nightlife"
      ],
      "budgetTier": "any",
      "language": "en",
      "urgency": "normal",
      "groupSize": "small"
    },
    "contextClues": {
      "timeOfDay": [
        "night",
        "sunday"
      ],
      "priceIndicators": [],
      "moodKeywords": [],
      "locationSpecificity": "tourist"
    },
    "metadata": {
      "timestamp": "2025-08-14T21:10:29.308Z",
      "source": "global_corpus",
      "confidence": 0.3
    }
  },
  {
    "id": "lang_global_1",
    "userQuery": "broke students tokyo nightlife",
    "detectedIntent": {
      "destination": "Tokyo, Japan",
      "activityTypes": [
        "clubs",
        "bars",
        "nightlife"
      ],
      "budgetTier": "low",
      "language": "en",
      "urgency": "normal",
      "groupSize": "small"
    },
    "contextClues": {
      "timeOfDay": [
        "night"
      ],
      "priceIndicators": [
        "broke"
      ],
      "moodKeywords": [],
      "locationSpecificity": "tourist"
    },
    "metadata": {
      "timestamp": "2025-08-14T21:12:39.295Z",
      "source": "global_corpus",
      "confidence": 0.9
    }
  },
  {
    "id": "lang_global_2",
    "userQuery": "family restaurants melbourne",
    "detectedIntent": {
      "destination": "Melbourne, Australia",
      "activityTypes": [
        "restaurants",
        "family"
      ],
      "budgetTier": "medium",
      "language": "en",
      "urgency": "normal",
      "groupSize": "large"
    },
    "contextClues": {
      "timeOfDay": [],
      "priceIndicators": [],
      "moodKeywords": [],
      "locationSpecificity": "tourist"
    },
    "metadata": {
      "timestamp": "2025-08-14T21:12:39.295Z",
      "source": "global_corpus",
      "confidence": 0.9
    }
  },
  {
    "id": "lang_global_3",
    "userQuery": "cheap museums dubai",
    "detectedIntent": {
      "destination": "Dubai, UAE",
      "activityTypes": [
        "museums",
        "culture"
      ],
      "budgetTier": "low",
      "language": "en",
      "urgency": "normal",
      "groupSize": "small"
    },
    "contextClues": {
      "timeOfDay": [],
      "priceIndicators": [
        "cheap"
      ],
      "moodKeywords": [],
      "locationSpecificity": "tourist"
    },
    "metadata": {
      "timestamp": "2025-08-14T21:12:39.295Z",
      "source": "global_corpus",
      "confidence": 0.9
    }
  },
  {
    "id": "lang_global_4",
    "userQuery": "vegan ice cream antarctica",
    "detectedIntent": {
      "destination": "Antarctica",
      "activityTypes": [
        "food",
        "vegan"
      ],
      "budgetTier": "any",
      "language": "en",
      "urgency": "normal",
      "groupSize": "small"
    },
    "contextClues": {
      "timeOfDay": [],
      "priceIndicators": [],
      "moodKeywords": [],
      "locationSpecificity": "tourist"
    },
    "metadata": {
      "timestamp": "2025-08-14T21:12:39.295Z",
      "source": "global_corpus",
      "confidence": 0.3
    }
  },
  {
    "id": "lang_global_5",
    "userQuery": "24 hour nightclubs riyadh",
    "detectedIntent": {
      "destination": "Riyadh, Saudi Arabia",
      "activityTypes": [
        "clubs",
        "nightlife"
      ],
      "budgetTier": "any",
      "language": "en",
      "urgency": "normal",
      "groupSize": "small"
    },
    "contextClues": {
      "timeOfDay": [
        "night",
        "24 hour"
      ],
      "priceIndicators": [],
      "moodKeywords": [],
      "locationSpecificity": "tourist"
    },
    "metadata": {
      "timestamp": "2025-08-14T21:12:39.295Z",
      "source": "global_corpus",
      "confidence": 0.3
    }
  },
  {
    "id": "lang_global_6",
    "userQuery": "beach clubs january moscow",
    "detectedIntent": {
      "destination": "Moscow, Russia",
      "activityTypes": [
        "beach",
        "clubs"
      ],
      "budgetTier": "any",
      "language": "en",
      "urgency": "normal",
      "groupSize": "small"
    },
    "contextClues": {
      "timeOfDay": [],
      "priceIndicators": [],
      "moodKeywords": [],
      "locationSpecificity": "tourist"
    },
    "metadata": {
      "timestamp": "2025-08-14T21:12:39.295Z",
      "source": "global_corpus",
      "confidence": 0.3
    }
  },
  {
    "id": "lang_global_7",
    "userQuery": "luxury dining remote alaska",
    "detectedIntent": {
      "destination": "Alaska, USA",
      "activityTypes": [
        "restaurants",
        "luxury"
      ],
      "budgetTier": "high",
      "language": "en",
      "urgency": "normal",
      "groupSize": "small"
    },
    "contextClues": {
      "timeOfDay": [],
      "priceIndicators": [
        "luxury"
      ],
      "moodKeywords": [],
      "locationSpecificity": "tourist"
    },
    "metadata": {
      "timestamp": "2025-08-14T21:12:39.295Z",
      "source": "global_corpus",
      "confidence": 0.6
    }
  },
  {
    "id": "lang_global_8",
    "userQuery": "budget backpacker oslo",
    "detectedIntent": {
      "destination": "Oslo, Norway",
      "activityTypes": [
        "hostels",
        "budget"
      ],
      "budgetTier": "low",
      "language": "en",
      "urgency": "normal",
      "groupSize": "small"
    },
    "contextClues": {
      "timeOfDay": [],
      "priceIndicators": [
        "budget"
      ],
      "moodKeywords": [],
      "locationSpecificity": "tourist"
    },
    "metadata": {
      "timestamp": "2025-08-14T21:12:39.295Z",
      "source": "global_corpus",
      "confidence": 0.6
    }
  },
  {
    "id": "lang_global_9",
    "userQuery": "billig mat stockholm studenter",
    "detectedIntent": {
      "destination": "Stockholm, Sweden",
      "activityTypes": [
        "restaurants",
        "food"
      ],
      "budgetTier": "low",
      "language": "sv",
      "urgency": "normal",
      "groupSize": "small"
    },
    "contextClues": {
      "timeOfDay": [],
      "priceIndicators": [
        "billig"
      ],
      "moodKeywords": [],
      "locationSpecificity": "local"
    },
    "metadata": {
      "timestamp": "2025-08-14T21:12:39.295Z",
      "source": "global_corpus",
      "confidence": 0.9
    }
  },
  {
    "id": "lang_global_10",
    "userQuery": "restaurantes baratos buenos aires",
    "detectedIntent": {
      "destination": "Buenos Aires, Argentina",
      "activityTypes": [
        "restaurants",
        "food"
      ],
      "budgetTier": "low",
      "language": "es",
      "urgency": "normal",
      "groupSize": "small"
    },
    "contextClues": {
      "timeOfDay": [],
      "priceIndicators": [
        "baratos"
      ],
      "moodKeywords": [],
      "locationSpecificity": "tourist"
    },
    "metadata": {
      "timestamp": "2025-08-14T21:12:39.295Z",
      "source": "global_corpus",
      "confidence": 0.9
    }
  },
  {
    "id": "lang_global_11",
    "userQuery": "hiking nairobi weekend",
    "detectedIntent": {
      "destination": "Nairobi, Kenya",
      "activityTypes": [
        "hiking",
        "nature"
      ],
      "budgetTier": "low",
      "language": "en",
      "urgency": "normal",
      "groupSize": "small"
    },
    "contextClues": {
      "timeOfDay": [
        "weekend"
      ],
      "priceIndicators": [],
      "moodKeywords": [],
      "locationSpecificity": "tourist"
    },
    "metadata": {
      "timestamp": "2025-08-14T21:12:39.295Z",
      "source": "global_corpus",
      "confidence": 0.9
    }
  },
  {
    "id": "lang_global_12",
    "userQuery": "late night food istanbul",
    "detectedIntent": {
      "destination": "Istanbul, Turkey",
      "activityTypes": [
        "food",
        "street-food"
      ],
      "budgetTier": "low",
      "language": "en",
      "urgency": "normal",
      "groupSize": "small"
    },
    "contextClues": {
      "timeOfDay": [
        "night",
        "late"
      ],
      "priceIndicators": [],
      "moodKeywords": [],
      "locationSpecificity": "tourist"
    },
    "metadata": {
      "timestamp": "2025-08-14T21:12:39.295Z",
      "source": "global_corpus",
      "confidence": 0.9
    }
  },
  {
    "id": "lang_global_13",
    "userQuery": "winter surfing iceland",
    "detectedIntent": {
      "destination": "Iceland",
      "activityTypes": [
        "surfing",
        "extreme-sports"
      ],
      "budgetTier": "high",
      "language": "en",
      "urgency": "normal",
      "groupSize": "small"
    },
    "contextClues": {
      "timeOfDay": [],
      "priceIndicators": [],
      "moodKeywords": [],
      "locationSpecificity": "tourist"
    },
    "metadata": {
      "timestamp": "2025-08-14T21:12:39.295Z",
      "source": "global_corpus",
      "confidence": 0.6
    }
  },
  {
    "id": "lang_global_14",
    "userQuery": "beach parties north pole",
    "detectedIntent": {
      "destination": "North Pole",
      "activityTypes": [
        "beach",
        "parties"
      ],
      "budgetTier": "any",
      "language": "en",
      "urgency": "normal",
      "groupSize": "small"
    },
    "contextClues": {
      "timeOfDay": [],
      "priceIndicators": [],
      "moodKeywords": [],
      "locationSpecificity": "tourist"
    },
    "metadata": {
      "timestamp": "2025-08-14T21:12:39.295Z",
      "source": "global_corpus",
      "confidence": 0.3
    }
  },
  {
    "id": "lang_global_15",
    "userQuery": "nightclubs sunday teheran",
    "detectedIntent": {
      "destination": "Tehran, Iran",
      "activityTypes": [
        "clubs",
        "nightlife"
      ],
      "budgetTier": "any",
      "language": "en",
      "urgency": "normal",
      "groupSize": "small"
    },
    "contextClues": {
      "timeOfDay": [
        "night",
        "sunday"
      ],
      "priceIndicators": [],
      "moodKeywords": [],
      "locationSpecificity": "tourist"
    },
    "metadata": {
      "timestamp": "2025-08-14T21:12:39.295Z",
      "source": "global_corpus",
      "confidence": 0.3
    }
  }
]